{
    "read_files": "[ B725_WI_1.cor.fp.fq.gz, B725_WI_2.cor.fp.fq.gz]",
    "expected_format": "IU",
    "compatible_fragment_ratio": 1.0,
    "num_compatible_fragments": 33209181,
    "num_assigned_fragments": 33209181,
    "num_frags_with_concordant_consistent_mappings": 28284593,
    "num_frags_with_inconsistent_or_orphan_mappings": 4995754,
    "strand_mapping_bias": 0.5030738465991008,
    "MSF": 0,
    "OSF": 0,
    "ISF": 14229239,
    "MSR": 0,
    "OSR": 0,
    "ISR": 14055354,
    "SF": 2561763,
    "SR": 2433991,
    "MU": 0,
    "OU": 0,
    "IU": 0,
    "U": 0
}