{
    "read_files": "[ B320_BL_1.cor.fp.fq.gz, B320_BL_2.cor.fp.fq.gz]",
    "expected_format": "ISR",
    "compatible_fragment_ratio": 1.0,
    "num_compatible_fragments": 22435859,
    "num_assigned_fragments": 22435859,
    "num_frags_with_concordant_consistent_mappings": 19368091,
    "num_frags_with_inconsistent_or_orphan_mappings": 3079955,
    "strand_mapping_bias": 0.00008812688702277639,
    "MSF": 0,
    "OSF": 0,
    "ISF": 1707,
    "MSR": 0,
    "OSR": 0,
    "ISR": 19368091,
    "SF": 1629492,
    "SR": 1448756,
    "MU": 0,
    "OU": 0,
    "IU": 0,
    "U": 0
}