{
    "read_files": "[ B723_BL_1.cor.fp.fq.gz, B723_BL_2.cor.fp.fq.gz]",
    "expected_format": "ISR",
    "compatible_fragment_ratio": 1.0,
    "num_compatible_fragments": 23400333,
    "num_assigned_fragments": 23400333,
    "num_frags_with_concordant_consistent_mappings": 20342702,
    "num_frags_with_inconsistent_or_orphan_mappings": 3064012,
    "strand_mapping_bias": 0.00009196555759612158,
    "MSF": 0,
    "OSF": 0,
    "ISF": 1871,
    "MSR": 0,
    "OSR": 0,
    "ISR": 20342702,
    "SF": 1626772,
    "SR": 1435369,
    "MU": 0,
    "OU": 0,
    "IU": 0,
    "U": 0
}