{
    "read_files": "[ B602_BL_1.cor.fp.fq.gz, B602_BL_2.cor.fp.fq.gz]",
    "expected_format": "ISR",
    "compatible_fragment_ratio": 1.0,
    "num_compatible_fragments": 21587842,
    "num_assigned_fragments": 21587842,
    "num_frags_with_concordant_consistent_mappings": 19110657,
    "num_frags_with_inconsistent_or_orphan_mappings": 2481934,
    "strand_mapping_bias": 0.00008978476926962445,
    "MSF": 0,
    "OSF": 0,
    "ISF": 1716,
    "MSR": 0,
    "OSR": 0,
    "ISR": 19110657,
    "SF": 1317828,
    "SR": 1162390,
    "MU": 0,
    "OU": 0,
    "IU": 0,
    "U": 0
}