{
    "read_files": "[ B144_LI_1.cor.fp.fq.gz, B144_LI_2.cor.fp.fq.gz]",
    "expected_format": "IU",
    "compatible_fragment_ratio": 1.0,
    "num_compatible_fragments": 38017759,
    "num_assigned_fragments": 38017759,
    "num_frags_with_concordant_consistent_mappings": 33296343,
    "num_frags_with_inconsistent_or_orphan_mappings": 4785356,
    "strand_mapping_bias": 0.49947761530447956,
    "MSF": 0,
    "OSF": 0,
    "ISF": 16630778,
    "MSR": 0,
    "OSR": 0,
    "ISR": 16665565,
    "SF": 2660677,
    "SR": 2124679,
    "MU": 0,
    "OU": 0,
    "IU": 0,
    "U": 0
}