{
    "read_files": "[ B359_BL_1.cor.fp.fq.gz, B359_BL_2.cor.fp.fq.gz]",
    "expected_format": "ISR",
    "compatible_fragment_ratio": 1.0,
    "num_compatible_fragments": 15003476,
    "num_assigned_fragments": 15003476,
    "num_frags_with_concordant_consistent_mappings": 13125027,
    "num_frags_with_inconsistent_or_orphan_mappings": 1885897,
    "strand_mapping_bias": 0.00012988762168679913,
    "MSF": 0,
    "OSF": 0,
    "ISF": 1705,
    "MSR": 0,
    "OSR": 0,
    "ISR": 13125027,
    "SF": 996526,
    "SR": 887666,
    "MU": 0,
    "OU": 0,
    "IU": 0,
    "U": 0
}