{
    "read_files": "[ B599_BL_1.cor.fp.fq.gz, B599_BL_2.cor.fp.fq.gz]",
    "expected_format": "ISR",
    "compatible_fragment_ratio": 1.0,
    "num_compatible_fragments": 18751845,
    "num_assigned_fragments": 18751845,
    "num_frags_with_concordant_consistent_mappings": 16435477,
    "num_frags_with_inconsistent_or_orphan_mappings": 2323660,
    "strand_mapping_bias": 0.00011851004643367195,
    "MSF": 0,
    "OSF": 0,
    "ISF": 1948,
    "MSR": 0,
    "OSR": 0,
    "ISR": 16435477,
    "SF": 1229292,
    "SR": 1092420,
    "MU": 0,
    "OU": 0,
    "IU": 0,
    "U": 0
}