{
    "read_files": "[ B260_BL_1.cor.fp.fq.gz, B260_BL_2.cor.fp.fq.gz]",
    "expected_format": "ISR",
    "compatible_fragment_ratio": 1.0,
    "num_compatible_fragments": 24948692,
    "num_assigned_fragments": 24948692,
    "num_frags_with_concordant_consistent_mappings": 21676345,
    "num_frags_with_inconsistent_or_orphan_mappings": 3283080,
    "strand_mapping_bias": 0.00008063439897596159,
    "MSF": 0,
    "OSF": 0,
    "ISF": 1748,
    "MSR": 0,
    "OSR": 0,
    "ISR": 21676345,
    "SF": 1717487,
    "SR": 1563845,
    "MU": 0,
    "OU": 0,
    "IU": 0,
    "U": 0
}