{
    "read_files": "[ B599_WI_1.cor.fp.fq.gz, B599_WI_2.cor.fp.fq.gz]",
    "expected_format": "IU",
    "compatible_fragment_ratio": 1.0,
    "num_compatible_fragments": 34815631,
    "num_assigned_fragments": 34815631,
    "num_frags_with_concordant_consistent_mappings": 29430758,
    "num_frags_with_inconsistent_or_orphan_mappings": 5473456,
    "strand_mapping_bias": 0.5028536811726018,
    "MSF": 0,
    "OSF": 0,
    "ISF": 14799365,
    "MSR": 0,
    "OSR": 0,
    "ISR": 14631393,
    "SF": 2844121,
    "SR": 2629335,
    "MU": 0,
    "OU": 0,
    "IU": 0,
    "U": 0
}