{
    "read_files": "[ B294_BL_1.cor.fp.fq.gz, B294_BL_2.cor.fp.fq.gz]",
    "expected_format": "IU",
    "compatible_fragment_ratio": 1.0,
    "num_compatible_fragments": 22893402,
    "num_assigned_fragments": 22893402,
    "num_frags_with_concordant_consistent_mappings": 20902354,
    "num_frags_with_inconsistent_or_orphan_mappings": 2014411,
    "strand_mapping_bias": 0.49520326753627849,
    "MSF": 0,
    "OSF": 0,
    "ISF": 10350914,
    "MSR": 0,
    "OSR": 0,
    "ISR": 10551440,
    "SF": 1016976,
    "SR": 997435,
    "MU": 0,
    "OU": 0,
    "IU": 0,
    "U": 0
}