{
    "read_files": "[ B600_BL_1.cor.fp.fq.gz, B600_BL_2.cor.fp.fq.gz]",
    "expected_format": "ISR",
    "compatible_fragment_ratio": 1.0,
    "num_compatible_fragments": 17461516,
    "num_assigned_fragments": 17461516,
    "num_frags_with_concordant_consistent_mappings": 15493369,
    "num_frags_with_inconsistent_or_orphan_mappings": 1974247,
    "strand_mapping_bias": 0.00011119650015630756,
    "MSF": 0,
    "OSF": 0,
    "ISF": 1723,
    "MSR": 0,
    "OSR": 0,
    "ISR": 15493369,
    "SF": 1046622,
    "SR": 925902,
    "MU": 0,
    "OU": 0,
    "IU": 0,
    "U": 0
}