{
    "read_files": "[ B204_BL_1.cor.fp.fq.gz, B204_BL_2.cor.fp.fq.gz]",
    "expected_format": "ISR",
    "compatible_fragment_ratio": 1.0,
    "num_compatible_fragments": 23385764,
    "num_assigned_fragments": 23385764,
    "num_frags_with_concordant_consistent_mappings": 20463279,
    "num_frags_with_inconsistent_or_orphan_mappings": 2933287,
    "strand_mapping_bias": 0.00008917618986935029,
    "MSF": 0,
    "OSF": 0,
    "ISF": 1825,
    "MSR": 0,
    "OSR": 0,
    "ISR": 20463279,
    "SF": 1570027,
    "SR": 1361435,
    "MU": 0,
    "OU": 0,
    "IU": 0,
    "U": 0
}