{
    "read_files": "[ B258_BL_1.cor.fp.fq.gz, B258_BL_2.cor.fp.fq.gz]",
    "expected_format": "ISR",
    "compatible_fragment_ratio": 1.0,
    "num_compatible_fragments": 9620541,
    "num_assigned_fragments": 9620541,
    "num_frags_with_concordant_consistent_mappings": 8805000,
    "num_frags_with_inconsistent_or_orphan_mappings": 816878,
    "strand_mapping_bias": 0.0002854380929737949,
    "MSF": 0,
    "OSF": 0,
    "ISF": 2514,
    "MSR": 0,
    "OSR": 0,
    "ISR": 8805000,
    "SF": 403498,
    "SR": 410866,
    "MU": 0,
    "OU": 0,
    "IU": 0,
    "U": 0
}