{
    "read_files": "[ B158_BL_1.cor.fp.fq.gz, B158_BL_2.cor.fp.fq.gz]",
    "expected_format": "IU",
    "compatible_fragment_ratio": 1.0,
    "num_compatible_fragments": 5652738,
    "num_assigned_fragments": 5652738,
    "num_frags_with_concordant_consistent_mappings": 5169717,
    "num_frags_with_inconsistent_or_orphan_mappings": 492729,
    "strand_mapping_bias": 0.49462359351585397,
    "MSF": 0,
    "OSF": 0,
    "ISF": 2557064,
    "MSR": 0,
    "OSR": 0,
    "ISR": 2612653,
    "SF": 248014,
    "SR": 244715,
    "MU": 0,
    "OU": 0,
    "IU": 0,
    "U": 0
}