{
    "read_files": "[ B232_BL_1.cor.fp.fq.gz, B232_BL_2.cor.fp.fq.gz]",
    "expected_format": "ISR",
    "compatible_fragment_ratio": 1.0,
    "num_compatible_fragments": 13653733,
    "num_assigned_fragments": 13653733,
    "num_frags_with_concordant_consistent_mappings": 12064146,
    "num_frags_with_inconsistent_or_orphan_mappings": 1593305,
    "strand_mapping_bias": 0.00012722033675513218,
    "MSF": 0,
    "OSF": 0,
    "ISF": 1535,
    "MSR": 0,
    "OSR": 0,
    "ISR": 12064146,
    "SF": 850771,
    "SR": 740999,
    "MU": 0,
    "OU": 0,
    "IU": 0,
    "U": 0
}