{
    "read_files": "[ B296_BL_1.cor.fp.fq.gz, B296_BL_2.cor.fp.fq.gz]",
    "expected_format": "ISR",
    "compatible_fragment_ratio": 1.0,
    "num_compatible_fragments": 24668051,
    "num_assigned_fragments": 24668051,
    "num_frags_with_concordant_consistent_mappings": 21584181,
    "num_frags_with_inconsistent_or_orphan_mappings": 3092422,
    "strand_mapping_bias": 0.00008139558262420656,
    "MSF": 0,
    "OSF": 0,
    "ISF": 1757,
    "MSR": 0,
    "OSR": 0,
    "ISR": 21584181,
    "SF": 1631515,
    "SR": 1459150,
    "MU": 0,
    "OU": 0,
    "IU": 0,
    "U": 0
}