{
    "read_files": "[ B189_WI_1.cor.fp.fq.gz, B189_WI_2.cor.fp.fq.gz]",
    "expected_format": "IU",
    "compatible_fragment_ratio": 1.0,
    "num_compatible_fragments": 34937497,
    "num_assigned_fragments": 34937497,
    "num_frags_with_concordant_consistent_mappings": 29329567,
    "num_frags_with_inconsistent_or_orphan_mappings": 5696380,
    "strand_mapping_bias": 0.5015211782703781,
    "MSF": 0,
    "OSF": 0,
    "ISF": 14709399,
    "MSR": 0,
    "OSR": 0,
    "ISR": 14620168,
    "SF": 2950130,
    "SR": 2746250,
    "MU": 0,
    "OU": 0,
    "IU": 0,
    "U": 0
}