{
    "read_files": "[ B724_BL_1.cor.fp.fq.gz, B724_BL_2.cor.fp.fq.gz]",
    "expected_format": "ISR",
    "compatible_fragment_ratio": 1.0,
    "num_compatible_fragments": 17928940,
    "num_assigned_fragments": 17928940,
    "num_frags_with_concordant_consistent_mappings": 15785827,
    "num_frags_with_inconsistent_or_orphan_mappings": 2147415,
    "strand_mapping_bias": 0.00011211332541614787,
    "MSF": 0,
    "OSF": 0,
    "ISF": 1770,
    "MSR": 0,
    "OSR": 0,
    "ISR": 15785827,
    "SF": 1119517,
    "SR": 1026128,
    "MU": 0,
    "OU": 0,
    "IU": 0,
    "U": 0
}