{
    "read_files": "[ B731_WI_1.cor.fp.fq.gz, B731_WI_2.cor.fp.fq.gz]",
    "expected_format": "IU",
    "compatible_fragment_ratio": 1.0,
    "num_compatible_fragments": 38475521,
    "num_assigned_fragments": 38475521,
    "num_frags_with_concordant_consistent_mappings": 32009553,
    "num_frags_with_inconsistent_or_orphan_mappings": 6549761,
    "strand_mapping_bias": 0.5023152619469569,
    "MSF": 0,
    "OSF": 0,
    "ISF": 16078887,
    "MSR": 0,
    "OSR": 0,
    "ISR": 15930666,
    "SF": 3319164,
    "SR": 3230597,
    "MU": 0,
    "OU": 0,
    "IU": 0,
    "U": 0
}