{
    "read_files": "[ B577_BL_1.cor.fp.fq.gz, B577_BL_2.cor.fp.fq.gz]",
    "expected_format": "IU",
    "compatible_fragment_ratio": 1.0,
    "num_compatible_fragments": 16698910,
    "num_assigned_fragments": 16698910,
    "num_frags_with_concordant_consistent_mappings": 15105304,
    "num_frags_with_inconsistent_or_orphan_mappings": 1617068,
    "strand_mapping_bias": 0.5042971660815301,
    "MSF": 0,
    "OSF": 0,
    "ISF": 7617562,
    "MSR": 0,
    "OSR": 0,
    "ISR": 7487742,
    "SF": 829384,
    "SR": 787684,
    "MU": 0,
    "OU": 0,
    "IU": 0,
    "U": 0
}