{
    "read_files": "[ B234_BL_1.cor.fp.fq.gz, B234_BL_2.cor.fp.fq.gz]",
    "expected_format": "ISR",
    "compatible_fragment_ratio": 1.0,
    "num_compatible_fragments": 23488348,
    "num_assigned_fragments": 23488348,
    "num_frags_with_concordant_consistent_mappings": 20561699,
    "num_frags_with_inconsistent_or_orphan_mappings": 2935730,
    "strand_mapping_bias": 0.00008257390546902343,
    "MSF": 0,
    "OSF": 0,
    "ISF": 1698,
    "MSR": 0,
    "OSR": 0,
    "ISR": 20561699,
    "SF": 1519243,
    "SR": 1414789,
    "MU": 0,
    "OU": 0,
    "IU": 0,
    "U": 0
}