{
    "read_files": "[ B144_BR_1.cor.fp.fq.gz, B144_BR_2.cor.fp.fq.gz]",
    "expected_format": "IU",
    "compatible_fragment_ratio": 1.0,
    "num_compatible_fragments": 22751530,
    "num_assigned_fragments": 22751530,
    "num_frags_with_concordant_consistent_mappings": 20150854,
    "num_frags_with_inconsistent_or_orphan_mappings": 2666076,
    "strand_mapping_bias": 0.4996703861781739,
    "MSF": 0,
    "OSF": 0,
    "ISF": 10068785,
    "MSR": 0,
    "OSR": 0,
    "ISR": 10082069,
    "SF": 1327209,
    "SR": 1338867,
    "MU": 0,
    "OU": 0,
    "IU": 0,
    "U": 0
}