{
    "read_files": "[ B144_HE_1.cor.fp.fq.gz, B144_HE_2.cor.fp.fq.gz]",
    "expected_format": "IU",
    "compatible_fragment_ratio": 1.0,
    "num_compatible_fragments": 28717969,
    "num_assigned_fragments": 28717969,
    "num_frags_with_concordant_consistent_mappings": 25401772,
    "num_frags_with_inconsistent_or_orphan_mappings": 3375308,
    "strand_mapping_bias": 0.49917718338704877,
    "MSF": 0,
    "OSF": 0,
    "ISF": 12679985,
    "MSR": 0,
    "OSR": 0,
    "ISR": 12721787,
    "SF": 1748095,
    "SR": 1627213,
    "MU": 0,
    "OU": 0,
    "IU": 0,
    "U": 0
}