{
    "read_files": "[ B551_WI_1.cor.fp.fq.gz, B551_WI_2.cor.fp.fq.gz]",
    "expected_format": "IU",
    "compatible_fragment_ratio": 1.0,
    "num_compatible_fragments": 49093160,
    "num_assigned_fragments": 49093160,
    "num_frags_with_concordant_consistent_mappings": 41153922,
    "num_frags_with_inconsistent_or_orphan_mappings": 8059848,
    "strand_mapping_bias": 0.5029832636607514,
    "MSF": 0,
    "OSF": 0,
    "ISF": 20699734,
    "MSR": 0,
    "OSR": 0,
    "ISR": 20454188,
    "SF": 4150911,
    "SR": 3908937,
    "MU": 0,
    "OU": 0,
    "IU": 0,
    "U": 0
}