{
    "read_files": "[ B149_WI_1.cor.fp.fq.gz, B149_WI_2.cor.fp.fq.gz]",
    "expected_format": "IU",
    "compatible_fragment_ratio": 1.0,
    "num_compatible_fragments": 31659927,
    "num_assigned_fragments": 31659927,
    "num_frags_with_concordant_consistent_mappings": 26585602,
    "num_frags_with_inconsistent_or_orphan_mappings": 5161000,
    "strand_mapping_bias": 0.5006244357378102,
    "MSF": 0,
    "OSF": 0,
    "ISF": 13309402,
    "MSR": 0,
    "OSR": 0,
    "ISR": 13276200,
    "SF": 2690812,
    "SR": 2470188,
    "MU": 0,
    "OU": 0,
    "IU": 0,
    "U": 0
}