{
    "read_files": "[ B354_BL_1.cor.fp.fq.gz, B354_BL_2.cor.fp.fq.gz]",
    "expected_format": "IU",
    "compatible_fragment_ratio": 1.0,
    "num_compatible_fragments": 20626971,
    "num_assigned_fragments": 20626971,
    "num_frags_with_concordant_consistent_mappings": 18891065,
    "num_frags_with_inconsistent_or_orphan_mappings": 1757837,
    "strand_mapping_bias": 0.49220703014890906,
    "MSF": 0,
    "OSF": 0,
    "ISF": 9298315,
    "MSR": 0,
    "OSR": 0,
    "ISR": 9592750,
    "SF": 889051,
    "SR": 868786,
    "MU": 0,
    "OU": 0,
    "IU": 0,
    "U": 0
}