{
    "read_files": "[ B718_BL_1.cor.fp.fq.gz, B718_BL_2.cor.fp.fq.gz]",
    "expected_format": "ISR",
    "compatible_fragment_ratio": 1.0,
    "num_compatible_fragments": 10997403,
    "num_assigned_fragments": 10997403,
    "num_frags_with_concordant_consistent_mappings": 9684273,
    "num_frags_with_inconsistent_or_orphan_mappings": 1316279,
    "strand_mapping_bias": 0.00019182065573963432,
    "MSF": 0,
    "OSF": 0,
    "ISF": 1858,
    "MSR": 0,
    "OSR": 0,
    "ISR": 9684273,
    "SF": 687831,
    "SR": 626590,
    "MU": 0,
    "OU": 0,
    "IU": 0,
    "U": 0
}