{
    "read_files": "[ B282_BL_1.cor.fp.fq.gz, B282_BL_2.cor.fp.fq.gz]",
    "expected_format": "ISR",
    "compatible_fragment_ratio": 1.0,
    "num_compatible_fragments": 22924641,
    "num_assigned_fragments": 22924641,
    "num_frags_with_concordant_consistent_mappings": 20002015,
    "num_frags_with_inconsistent_or_orphan_mappings": 2930196,
    "strand_mapping_bias": 0.00009568120342758665,
    "MSF": 0,
    "OSF": 0,
    "ISF": 1914,
    "MSR": 0,
    "OSR": 0,
    "ISR": 20002015,
    "SF": 1545096,
    "SR": 1383186,
    "MU": 0,
    "OU": 0,
    "IU": 0,
    "U": 0
}