{
    "read_files": "[ B271_BL_1.cor.fp.fq.gz, B271_BL_2.cor.fp.fq.gz]",
    "expected_format": "ISR",
    "compatible_fragment_ratio": 1.0,
    "num_compatible_fragments": 10702262,
    "num_assigned_fragments": 10702262,
    "num_frags_with_concordant_consistent_mappings": 9367111,
    "num_frags_with_inconsistent_or_orphan_mappings": 1337755,
    "strand_mapping_bias": 0.00019041733310064848,
    "MSF": 0,
    "OSF": 0,
    "ISF": 1784,
    "MSR": 0,
    "OSR": 0,
    "ISR": 9367111,
    "SF": 701131,
    "SR": 634840,
    "MU": 0,
    "OU": 0,
    "IU": 0,
    "U": 0
}