{
    "read_files": "[ B173_BL_1.cor.fp.fq.gz, B173_BL_2.cor.fp.fq.gz]",
    "expected_format": "IU",
    "compatible_fragment_ratio": 1.0,
    "num_compatible_fragments": 19025846,
    "num_assigned_fragments": 19025846,
    "num_frags_with_concordant_consistent_mappings": 17522908,
    "num_frags_with_inconsistent_or_orphan_mappings": 1520931,
    "strand_mapping_bias": 0.4971702756186359,
    "MSF": 0,
    "OSF": 0,
    "ISF": 8711869,
    "MSR": 0,
    "OSR": 0,
    "ISR": 8811039,
    "SF": 748831,
    "SR": 772100,
    "MU": 0,
    "OU": 0,
    "IU": 0,
    "U": 0
}