{
    "read_files": "[ B254_BL_1.cor.fp.fq.gz, B254_BL_2.cor.fp.fq.gz]",
    "expected_format": "ISR",
    "compatible_fragment_ratio": 1.0,
    "num_compatible_fragments": 22935389,
    "num_assigned_fragments": 22935389,
    "num_frags_with_concordant_consistent_mappings": 19884598,
    "num_frags_with_inconsistent_or_orphan_mappings": 3058642,
    "strand_mapping_bias": 0.00008850288222710262,
    "MSF": 0,
    "OSF": 0,
    "ISF": 1760,
    "MSR": 0,
    "OSR": 0,
    "ISR": 19884598,
    "SF": 1628922,
    "SR": 1427960,
    "MU": 0,
    "OU": 0,
    "IU": 0,
    "U": 0
}