{
    "read_files": "[ B320_WI_1.cor.fp.fq.gz, B320_WI_2.cor.fp.fq.gz]",
    "expected_format": "IU",
    "compatible_fragment_ratio": 1.0,
    "num_compatible_fragments": 33785715,
    "num_assigned_fragments": 33785715,
    "num_frags_with_concordant_consistent_mappings": 27925558,
    "num_frags_with_inconsistent_or_orphan_mappings": 5944426,
    "strand_mapping_bias": 0.5017808059556053,
    "MSF": 0,
    "OSF": 0,
    "ISF": 14012509,
    "MSR": 0,
    "OSR": 0,
    "ISR": 13913049,
    "SF": 3092712,
    "SR": 2851714,
    "MU": 0,
    "OU": 0,
    "IU": 0,
    "U": 0
}