{
    "read_files": "[ B553_WI_1.cor.fp.fq.gz, B553_WI_2.cor.fp.fq.gz]",
    "expected_format": "IU",
    "compatible_fragment_ratio": 1.0,
    "num_compatible_fragments": 32829094,
    "num_assigned_fragments": 32829094,
    "num_frags_with_concordant_consistent_mappings": 27702406,
    "num_frags_with_inconsistent_or_orphan_mappings": 5202720,
    "strand_mapping_bias": 0.5021676095570905,
    "MSF": 0,
    "OSF": 0,
    "ISF": 13911251,
    "MSR": 0,
    "OSR": 0,
    "ISR": 13791155,
    "SF": 2679359,
    "SR": 2523361,
    "MU": 0,
    "OU": 0,
    "IU": 0,
    "U": 0
}