{
    "read_files": "[ B191_BL_1.cor.fp.fq.gz, B191_BL_2.cor.fp.fq.gz]",
    "expected_format": "IU",
    "compatible_fragment_ratio": 1.0,
    "num_compatible_fragments": 22687347,
    "num_assigned_fragments": 22687347,
    "num_frags_with_concordant_consistent_mappings": 20835575,
    "num_frags_with_inconsistent_or_orphan_mappings": 1868754,
    "strand_mapping_bias": 0.4944212482736858,
    "MSF": 0,
    "OSF": 0,
    "ISF": 10301551,
    "MSR": 0,
    "OSR": 0,
    "ISR": 10534024,
    "SF": 938947,
    "SR": 929807,
    "MU": 0,
    "OU": 0,
    "IU": 0,
    "U": 0
}