{
    "read_files": "[ B170710Bba2_BL_1.cor.fp.fq.gz, B170710Bba2_BL_2.cor.fp.fq.gz]",
    "expected_format": "ISR",
    "compatible_fragment_ratio": 1.0,
    "num_compatible_fragments": 20989669,
    "num_assigned_fragments": 20989669,
    "num_frags_with_concordant_consistent_mappings": 18516126,
    "num_frags_with_inconsistent_or_orphan_mappings": 2481146,
    "strand_mapping_bias": 0.00009390931405969317,
    "MSF": 0,
    "OSF": 0,
    "ISF": 1739,
    "MSR": 0,
    "OSR": 0,
    "ISR": 18516126,
    "SF": 1322311,
    "SR": 1157096,
    "MU": 0,
    "OU": 0,
    "IU": 0,
    "U": 0
}