{
    "salmon_version": "1.10.2",
    "samp_type": "none",
    "opt_type": "vb",
    "quant_errors": [],
    "num_libraries": 1,
    "library_types": [
        "ISR"
    ],
    "frag_dist_length": 1001,
    "frag_length_mean": 244.5988171955947,
    "frag_length_sd": 63.05285634189646,
    "seq_bias_correct": false,
    "gc_bias_correct": true,
    "num_bias_bins": 4096,
    "mapping_type": "mapping",
    "keep_duplicates": false,
    "num_valid_targets": 70821,
    "num_decoy_targets": 0,
    "num_eq_classes": 24467,
    "serialized_eq_classes": false,
    "eq_class_properties": [
        "range_factorized",
        "gzipped"
    ],
    "length_classes": [
        1348,
        2217,
        3234,
        4835,
        105581
    ],
    "index_seq_hash": "4dd429d9178641b023231bf6fc5407d48fea28c5cc63ba369293a21bc7599a47",
    "index_name_hash": "f12582e6a30e05130a14286b90333c244c53c700d56282733d62b10f7b5bfa34",
    "index_seq_hash512": "4c1b6acb48f2fd3b2dc677eb921367aa720f47e3b2d249c756aefe144ba25c455e6f8efef5387015c5f46dd83758be5900475ec37f49aaedbffdbfa4136469a2",
    "index_name_hash512": "4d2e37c7257b4e131966d526aad73ecbbca02ce85b450412b72cdc42278f27f33d90bcf068bd89bfd8493678b94687a6f102f5ad03716863022ff9b24dbc46c7",
    "index_decoy_seq_hash": "e3b0c44298fc1c149afbf4c8996fb92427ae41e4649b934ca495991b7852b855",
    "index_decoy_name_hash": "e3b0c44298fc1c149afbf4c8996fb92427ae41e4649b934ca495991b7852b855",
    "num_bootstraps": 0,
    "num_processed": 45989000,
    "num_mapped": 9620541,
    "num_decoy_fragments": 0,
    "num_dovetail_fragments": 249165,
    "num_fragments_filtered_vm": 2153381,
    "num_alignments_below_threshold_for_mapped_fragments_vm": 14318043,
    "percent_mapped": 20.919221987866665,
    "call": "quant",
    "start_time": "Thu Nov 09 15:43:18 2023",
    "end_time": "Thu Nov 09 16:38:39 2023"
}