{
    "read_files": "[ B551_BL_1.cor.fp.fq.gz, B551_BL_2.cor.fp.fq.gz]",
    "expected_format": "ISR",
    "compatible_fragment_ratio": 1.0,
    "num_compatible_fragments": 12301790,
    "num_assigned_fragments": 12301790,
    "num_frags_with_concordant_consistent_mappings": 10921727,
    "num_frags_with_inconsistent_or_orphan_mappings": 1382556,
    "strand_mapping_bias": 0.00018436907282953706,
    "MSF": 0,
    "OSF": 0,
    "ISF": 2014,
    "MSR": 0,
    "OSR": 0,
    "ISR": 10921727,
    "SF": 711679,
    "SR": 668863,
    "MU": 0,
    "OU": 0,
    "IU": 0,
    "U": 0
}