{
    "read_files": "[ B725_BL_1.cor.fp.fq.gz, B725_BL_2.cor.fp.fq.gz]",
    "expected_format": "ISR",
    "compatible_fragment_ratio": 1.0,
    "num_compatible_fragments": 20660437,
    "num_assigned_fragments": 20660437,
    "num_frags_with_concordant_consistent_mappings": 18225282,
    "num_frags_with_inconsistent_or_orphan_mappings": 2442614,
    "strand_mapping_bias": 0.0001083542082058754,
    "MSF": 0,
    "OSF": 0,
    "ISF": 1975,
    "MSR": 0,
    "OSR": 0,
    "ISR": 18225282,
    "SF": 1291204,
    "SR": 1149435,
    "MU": 0,
    "OU": 0,
    "IU": 0,
    "U": 0
}