{
    "read_files": "[ B589_BL_1.cor.fp.fq.gz, B589_BL_2.cor.fp.fq.gz]",
    "expected_format": "ISR",
    "compatible_fragment_ratio": 1.0,
    "num_compatible_fragments": 22372807,
    "num_assigned_fragments": 22372807,
    "num_frags_with_concordant_consistent_mappings": 19504108,
    "num_frags_with_inconsistent_or_orphan_mappings": 2877957,
    "strand_mapping_bias": 0.000090741877909828,
    "MSF": 0,
    "OSF": 0,
    "ISF": 1770,
    "MSR": 0,
    "OSR": 0,
    "ISR": 19504108,
    "SF": 1513428,
    "SR": 1362759,
    "MU": 0,
    "OU": 0,
    "IU": 0,
    "U": 0
}