{
    "read_files": "[ B341_BL_1.cor.fp.fq.gz, B341_BL_2.cor.fp.fq.gz]",
    "expected_format": "ISR",
    "compatible_fragment_ratio": 1.0,
    "num_compatible_fragments": 21627338,
    "num_assigned_fragments": 21627338,
    "num_frags_with_concordant_consistent_mappings": 18987254,
    "num_frags_with_inconsistent_or_orphan_mappings": 2649152,
    "strand_mapping_bias": 0.00008020527072385968,
    "MSF": 0,
    "OSF": 0,
    "ISF": 1523,
    "MSR": 0,
    "OSR": 0,
    "ISR": 18987254,
    "SF": 1396561,
    "SR": 1251068,
    "MU": 0,
    "OU": 0,
    "IU": 0,
    "U": 0
}