{
    "read_files": "[ B720_BL_1.cor.fp.fq.gz, B720_BL_2.cor.fp.fq.gz]",
    "expected_format": "ISR",
    "compatible_fragment_ratio": 1.0,
    "num_compatible_fragments": 14941928,
    "num_assigned_fragments": 14941928,
    "num_frags_with_concordant_consistent_mappings": 13224635,
    "num_frags_with_inconsistent_or_orphan_mappings": 1720492,
    "strand_mapping_bias": 0.00014705237483914966,
    "MSF": 0,
    "OSF": 0,
    "ISF": 1945,
    "MSR": 0,
    "OSR": 0,
    "ISR": 13224635,
    "SF": 899247,
    "SR": 819300,
    "MU": 0,
    "OU": 0,
    "IU": 0,
    "U": 0
}