{
    "read_files": "[ B189_BL_1.cor.fp.fq.gz, B189_BL_2.cor.fp.fq.gz]",
    "expected_format": "ISR",
    "compatible_fragment_ratio": 1.0,
    "num_compatible_fragments": 24879000,
    "num_assigned_fragments": 24879000,
    "num_frags_with_concordant_consistent_mappings": 21837886,
    "num_frags_with_inconsistent_or_orphan_mappings": 3049595,
    "strand_mapping_bias": 0.00008287661146931715,
    "MSF": 0,
    "OSF": 0,
    "ISF": 1810,
    "MSR": 0,
    "OSR": 0,
    "ISR": 21837886,
    "SF": 1617140,
    "SR": 1430645,
    "MU": 0,
    "OU": 0,
    "IU": 0,
    "U": 0
}