{
    "read_files": "[ B149_BL_1.cor.fp.fq.gz, B149_BL_2.cor.fp.fq.gz]",
    "expected_format": "ISR",
    "compatible_fragment_ratio": 1.0,
    "num_compatible_fragments": 21757835,
    "num_assigned_fragments": 21757835,
    "num_frags_with_concordant_consistent_mappings": 18956822,
    "num_frags_with_inconsistent_or_orphan_mappings": 2807164,
    "strand_mapping_bias": 0.0000735828691063089,
    "MSF": 0,
    "OSF": 0,
    "ISF": 1395,
    "MSR": 0,
    "OSR": 0,
    "ISR": 18956822,
    "SF": 1493444,
    "SR": 1312325,
    "MU": 0,
    "OU": 0,
    "IU": 0,
    "U": 0
}