{
    "read_files": "[ B335_BL_1.cor.fp.fq.gz, B335_BL_2.cor.fp.fq.gz]",
    "expected_format": "ISR",
    "compatible_fragment_ratio": 1.0,
    "num_compatible_fragments": 21986983,
    "num_assigned_fragments": 21986983,
    "num_frags_with_concordant_consistent_mappings": 19156035,
    "num_frags_with_inconsistent_or_orphan_mappings": 2838510,
    "strand_mapping_bias": 0.000084039557054116,
    "MSF": 0,
    "OSF": 0,
    "ISF": 1610,
    "MSR": 0,
    "OSR": 0,
    "ISR": 19156035,
    "SF": 1506829,
    "SR": 1330071,
    "MU": 0,
    "OU": 0,
    "IU": 0,
    "U": 0
}