{
    "read_files": "[ B617_BL_1.cor.fp.fq.gz, B617_BL_2.cor.fp.fq.gz]",
    "expected_format": "IU",
    "compatible_fragment_ratio": 1.0,
    "num_compatible_fragments": 20216565,
    "num_assigned_fragments": 20216565,
    "num_frags_with_concordant_consistent_mappings": 19316499,
    "num_frags_with_inconsistent_or_orphan_mappings": 912179,
    "strand_mapping_bias": 0.4984226696566495,
    "MSF": 0,
    "OSF": 0,
    "ISF": 9627781,
    "MSR": 0,
    "OSR": 0,
    "ISR": 9688718,
    "SF": 446654,
    "SR": 465525,
    "MU": 0,
    "OU": 0,
    "IU": 0,
    "U": 0
}