{
    "read_files": "[ B255_WI_1.cor.fp.fq.gz, B255_WI_2.cor.fp.fq.gz]",
    "expected_format": "IU",
    "compatible_fragment_ratio": 1.0,
    "num_compatible_fragments": 31841900,
    "num_assigned_fragments": 31841900,
    "num_frags_with_concordant_consistent_mappings": 26400140,
    "num_frags_with_inconsistent_or_orphan_mappings": 5514267,
    "strand_mapping_bias": 0.5025268047820959,
    "MSF": 0,
    "OSF": 0,
    "ISF": 13266778,
    "MSR": 0,
    "OSR": 0,
    "ISR": 13133362,
    "SF": 2845816,
    "SR": 2668451,
    "MU": 0,
    "OU": 0,
    "IU": 0,
    "U": 0
}