{
    "read_files": "[ B296_WI_1.cor.fp.fq.gz, B296_WI_2.cor.fp.fq.gz]",
    "expected_format": "IU",
    "compatible_fragment_ratio": 1.0,
    "num_compatible_fragments": 34260361,
    "num_assigned_fragments": 34260361,
    "num_frags_with_concordant_consistent_mappings": 28796573,
    "num_frags_with_inconsistent_or_orphan_mappings": 5538777,
    "strand_mapping_bias": 0.5027491639369727,
    "MSF": 0,
    "OSF": 0,
    "ISF": 14477453,
    "MSR": 0,
    "OSR": 0,
    "ISR": 14319120,
    "SF": 2849069,
    "SR": 2689708,
    "MU": 0,
    "OU": 0,
    "IU": 0,
    "U": 0
}