{
    "read_files": "[ B254_WI_1.cor.fp.fq.gz, B254_WI_2.cor.fp.fq.gz]",
    "expected_format": "IU",
    "compatible_fragment_ratio": 1.0,
    "num_compatible_fragments": 33361559,
    "num_assigned_fragments": 33361559,
    "num_frags_with_concordant_consistent_mappings": 27654881,
    "num_frags_with_inconsistent_or_orphan_mappings": 5781646,
    "strand_mapping_bias": 0.494554577906157,
    "MSF": 0,
    "OSF": 0,
    "ISF": 13676848,
    "MSR": 0,
    "OSR": 0,
    "ISR": 13978033,
    "SF": 3026311,
    "SR": 2755335,
    "MU": 0,
    "OU": 0,
    "IU": 0,
    "U": 0
}