{
    "read_files": "[ B691_BL_1.cor.fp.fq.gz, B691_BL_2.cor.fp.fq.gz]",
    "expected_format": "ISR",
    "compatible_fragment_ratio": 1.0,
    "num_compatible_fragments": 17854327,
    "num_assigned_fragments": 17854327,
    "num_frags_with_concordant_consistent_mappings": 15711978,
    "num_frags_with_inconsistent_or_orphan_mappings": 2147086,
    "strand_mapping_bias": 0.0001275297375292908,
    "MSF": 0,
    "OSF": 0,
    "ISF": 2004,
    "MSR": 0,
    "OSR": 0,
    "ISR": 15711978,
    "SF": 1132343,
    "SR": 1012739,
    "MU": 0,
    "OU": 0,
    "IU": 0,
    "U": 0
}