{
    "read_files": "[ B553_BL_1.cor.fp.fq.gz, B553_BL_2.cor.fp.fq.gz]",
    "expected_format": "ISR",
    "compatible_fragment_ratio": 1.0,
    "num_compatible_fragments": 21405497,
    "num_assigned_fragments": 21405497,
    "num_frags_with_concordant_consistent_mappings": 18567359,
    "num_frags_with_inconsistent_or_orphan_mappings": 2848007,
    "strand_mapping_bias": 0.00010167348196725479,
    "MSF": 0,
    "OSF": 0,
    "ISF": 1888,
    "MSR": 0,
    "OSR": 0,
    "ISR": 18567359,
    "SF": 1521172,
    "SR": 1324947,
    "MU": 0,
    "OU": 0,
    "IU": 0,
    "U": 0
}