{
    "read_files": "[ B584_BL_1.cor.fp.fq.gz, B584_BL_2.cor.fp.fq.gz]",
    "expected_format": "ISR",
    "compatible_fragment_ratio": 1.0,
    "num_compatible_fragments": 18859763,
    "num_assigned_fragments": 18859763,
    "num_frags_with_concordant_consistent_mappings": 16653652,
    "num_frags_with_inconsistent_or_orphan_mappings": 2211159,
    "strand_mapping_bias": 0.00009876737712933008,
    "MSF": 0,
    "OSF": 0,
    "ISF": 1645,
    "MSR": 0,
    "OSR": 0,
    "ISR": 16653652,
    "SF": 1181690,
    "SR": 1027824,
    "MU": 0,
    "OU": 0,
    "IU": 0,
    "U": 0
}