{
    "read_files": "[ B354_WI_1.cor.fp.fq.gz, B354_WI_2.cor.fp.fq.gz]",
    "expected_format": "IU",
    "compatible_fragment_ratio": 1.0,
    "num_compatible_fragments": 34614415,
    "num_assigned_fragments": 34614415,
    "num_frags_with_concordant_consistent_mappings": 28910915,
    "num_frags_with_inconsistent_or_orphan_mappings": 5788654,
    "strand_mapping_bias": 0.5009438822673028,
    "MSF": 0,
    "OSF": 0,
    "ISF": 14482746,
    "MSR": 0,
    "OSR": 0,
    "ISR": 14428169,
    "SF": 3026043,
    "SR": 2762611,
    "MU": 0,
    "OU": 0,
    "IU": 0,
    "U": 0
}