{
    "read_files": "[ B690_BL_1.cor.fp.fq.gz, B690_BL_2.cor.fp.fq.gz]",
    "expected_format": "ISR",
    "compatible_fragment_ratio": 1.0,
    "num_compatible_fragments": 24705385,
    "num_assigned_fragments": 24705385,
    "num_frags_with_concordant_consistent_mappings": 21563397,
    "num_frags_with_inconsistent_or_orphan_mappings": 3155470,
    "strand_mapping_bias": 0.00008518340213697658,
    "MSF": 0,
    "OSF": 0,
    "ISF": 1837,
    "MSR": 0,
    "OSR": 0,
    "ISR": 21563397,
    "SF": 1666720,
    "SR": 1486913,
    "MU": 0,
    "OU": 0,
    "IU": 0,
    "U": 0
}