{
    "read_files": "[ B170713Bba1_BL_1.cor.fp.fq.gz, B170713Bba1_BL_2.cor.fp.fq.gz]",
    "expected_format": "ISR",
    "compatible_fragment_ratio": 1.0,
    "num_compatible_fragments": 20973285,
    "num_assigned_fragments": 20973285,
    "num_frags_with_concordant_consistent_mappings": 18584460,
    "num_frags_with_inconsistent_or_orphan_mappings": 2394002,
    "strand_mapping_bias": 0.00007914588728431198,
    "MSF": 0,
    "OSF": 0,
    "ISF": 1471,
    "MSR": 0,
    "OSR": 0,
    "ISR": 18584460,
    "SF": 1232966,
    "SR": 1159565,
    "MU": 0,
    "OU": 0,
    "IU": 0,
    "U": 0
}