{
    "read_files": "[ B647_BL_1.cor.fp.fq.gz, B647_BL_2.cor.fp.fq.gz]",
    "expected_format": "ISR",
    "compatible_fragment_ratio": 1.0,
    "num_compatible_fragments": 24630520,
    "num_assigned_fragments": 24630520,
    "num_frags_with_concordant_consistent_mappings": 21685638,
    "num_frags_with_inconsistent_or_orphan_mappings": 2955684,
    "strand_mapping_bias": 0.00007728020168841564,
    "MSF": 0,
    "OSF": 0,
    "ISF": 1676,
    "MSR": 0,
    "OSR": 0,
    "ISR": 21685638,
    "SF": 1572579,
    "SR": 1381429,
    "MU": 0,
    "OU": 0,
    "IU": 0,
    "U": 0
}