{
    "read_files": "[ B702_BL_1.cor.fp.fq.gz, B702_BL_2.cor.fp.fq.gz]",
    "expected_format": "ISR",
    "compatible_fragment_ratio": 1.0,
    "num_compatible_fragments": 9731623,
    "num_assigned_fragments": 9731623,
    "num_frags_with_concordant_consistent_mappings": 8623078,
    "num_frags_with_inconsistent_or_orphan_mappings": 1110724,
    "strand_mapping_bias": 0.00020510508766126518,
    "MSF": 0,
    "OSF": 0,
    "ISF": 1769,
    "MSR": 0,
    "OSR": 0,
    "ISR": 8623078,
    "SF": 576344,
    "SR": 532611,
    "MU": 0,
    "OU": 0,
    "IU": 0,
    "U": 0
}