{
    "read_files": "[ B335_WI_1.cor.fp.fq.gz, B335_WI_2.cor.fp.fq.gz]",
    "expected_format": "IU",
    "compatible_fragment_ratio": 1.0,
    "num_compatible_fragments": 31474500,
    "num_assigned_fragments": 31474500,
    "num_frags_with_concordant_consistent_mappings": 26789708,
    "num_frags_with_inconsistent_or_orphan_mappings": 4760898,
    "strand_mapping_bias": 0.5024721434067142,
    "MSF": 0,
    "OSF": 0,
    "ISF": 13461082,
    "MSR": 0,
    "OSR": 0,
    "ISR": 13328626,
    "SF": 2457048,
    "SR": 2303850,
    "MU": 0,
    "OU": 0,
    "IU": 0,
    "U": 0
}