{
    "read_files": "[ B191_WI_1.cor.fp.fq.gz, B191_WI_2.cor.fp.fq.gz]",
    "expected_format": "IU",
    "compatible_fragment_ratio": 1.0,
    "num_compatible_fragments": 32877925,
    "num_assigned_fragments": 32877925,
    "num_frags_with_concordant_consistent_mappings": 27353684,
    "num_frags_with_inconsistent_or_orphan_mappings": 5608803,
    "strand_mapping_bias": 0.5024222697023187,
    "MSF": 0,
    "OSF": 0,
    "ISF": 13743100,
    "MSR": 0,
    "OSR": 0,
    "ISR": 13610584,
    "SF": 2915069,
    "SR": 2693734,
    "MU": 0,
    "OU": 0,
    "IU": 0,
    "U": 0
}