{
    "read_files": "[ B581_BL_1.cor.fp.fq.gz, B581_BL_2.cor.fp.fq.gz]",
    "expected_format": "ISR",
    "compatible_fragment_ratio": 1.0,
    "num_compatible_fragments": 22306669,
    "num_assigned_fragments": 22306669,
    "num_frags_with_concordant_consistent_mappings": 19501182,
    "num_frags_with_inconsistent_or_orphan_mappings": 2812052,
    "strand_mapping_bias": 0.00008808946361823113,
    "MSF": 0,
    "OSF": 0,
    "ISF": 1718,
    "MSR": 0,
    "OSR": 0,
    "ISR": 19501182,
    "SF": 1489400,
    "SR": 1320934,
    "MU": 0,
    "OU": 0,
    "IU": 0,
    "U": 0
}