{
    "read_files": "[ B204_WI_1.cor.fp.fq.gz, B204_WI_2.cor.fp.fq.gz]",
    "expected_format": "IU",
    "compatible_fragment_ratio": 1.0,
    "num_compatible_fragments": 34367303,
    "num_assigned_fragments": 34367303,
    "num_frags_with_concordant_consistent_mappings": 28594166,
    "num_frags_with_inconsistent_or_orphan_mappings": 5863764,
    "strand_mapping_bias": 0.5014967388802317,
    "MSF": 0,
    "OSF": 0,
    "ISF": 14339881,
    "MSR": 0,
    "OSR": 0,
    "ISR": 14254285,
    "SF": 3065772,
    "SR": 2797992,
    "MU": 0,
    "OU": 0,
    "IU": 0,
    "U": 0
}