{
    "read_files": "[ B555_BL_1.cor.fp.fq.gz, B555_BL_2.cor.fp.fq.gz]",
    "expected_format": "ISR",
    "compatible_fragment_ratio": 1.0,
    "num_compatible_fragments": 20861835,
    "num_assigned_fragments": 20861835,
    "num_frags_with_concordant_consistent_mappings": 18262497,
    "num_frags_with_inconsistent_or_orphan_mappings": 2604677,
    "strand_mapping_bias": 0.00008322375083203218,
    "MSF": 0,
    "OSF": 0,
    "ISF": 1520,
    "MSR": 0,
    "OSR": 0,
    "ISR": 18262497,
    "SF": 1391945,
    "SR": 1211212,
    "MU": 0,
    "OU": 0,
    "IU": 0,
    "U": 0
}