{
    "read_files": "[ B294_WI_1.cor.fp.fq.gz, B294_WI_2.cor.fp.fq.gz]",
    "expected_format": "IU",
    "compatible_fragment_ratio": 1.0,
    "num_compatible_fragments": 32864577,
    "num_assigned_fragments": 32864577,
    "num_frags_with_concordant_consistent_mappings": 27370396,
    "num_frags_with_inconsistent_or_orphan_mappings": 5569300,
    "strand_mapping_bias": 0.5020347166332558,
    "MSF": 0,
    "OSF": 0,
    "ISF": 13740889,
    "MSR": 0,
    "OSR": 0,
    "ISR": 13629507,
    "SF": 2861526,
    "SR": 2707774,
    "MU": 0,
    "OU": 0,
    "IU": 0,
    "U": 0
}