{
    "read_files": "[ B583_BL_1.cor.fp.fq.gz, B583_BL_2.cor.fp.fq.gz]",
    "expected_format": "ISR",
    "compatible_fragment_ratio": 1.0,
    "num_compatible_fragments": 22576895,
    "num_assigned_fragments": 22576895,
    "num_frags_with_concordant_consistent_mappings": 19769620,
    "num_frags_with_inconsistent_or_orphan_mappings": 2815895,
    "strand_mapping_bias": 0.00008047053870397721,
    "MSF": 0,
    "OSF": 0,
    "ISF": 1591,
    "MSR": 0,
    "OSR": 0,
    "ISR": 19769620,
    "SF": 1495001,
    "SR": 1319303,
    "MU": 0,
    "OU": 0,
    "IU": 0,
    "U": 0
}